title,release_date,genre
Doutor Estranho no Multiverso da Loucura,2022-05-05,"Fantasia,Ação, Aventura"
O Homem do Norte,2022-05-12,"Ação,Histórico"
365 Dias: Hoje,2022-04-27,"Drama,Romance,Erótico"
Sonic 2 - O Filme,2022-04-07,"Animação,Família,Aventura"
Jujutsu Kaisen 0: O Filme,2022-04-28,"Animação,Ação,Drama"
O Peso do Talento,2022-05-12,"Ação,Comédia"
Animais Fantásticos: Os Segredos de Dumbledore,2022-04-14,"Fantasia,Aventura"
Cidade Perdida,2022-04-21,"Comédia,Ação,Aventura"
Medida Provisória,2022-04-14,Drama
Homem-Aranha: Sem Volta para Casa,2021-12-16,"Ação,Aventura,Fantasia"
Thor: Amor e Trovão,2022-07-07,"Aventura,Ação,Ficção científica"
365 DNI,2021-11-30,"Drama,Erótico,Romance"
Batman,2022-03-03,"Ação,Policial,Suspense"
Morbius,2022-03-31,"Ação,Fantasia,Aventura"
Os Caras Malvados,2022-03-17,"Animação,Comédia,Aventura"
O Peso do Talento,2022-05-12,"Ação,Comédia"
Top Gun: Maverick,2022-05-26,Ação
Detetives do Prédio Azul 3 - Uma Aventura no Fim do Mundo,2022-04-21,"Aventura,Família"
Red: Crescer É uma Fera,2022-03-11,"Animação,Família,Comédia"
A Médium,2022-05-19,"Terror, Suspense"
Uncharted: Fora do Mapa,2022-02-17,"Aventura,Ação"
Encanto,2021-11-25,"Animação,Família,Fantasia"
Jurassic World Domínio,2022-06-02,"Ação,Aventura,Ficção científica"
Pantera Negra: Wakanda Para Sempre,2022-11-10,"Ação,Aventura,Fantasia"
Eduardo e Mônica,2022-01-20,"Drama,Comédia,Romance"
Crocodilos – A Morte Te Espera,2022-05-12,"Ação,Terror"
Tô Ryca 2,2022-02-03,Comédia
Meteoros,2022-05-06,Suspense
De Volta ao Baile,2022-05-13,Comédia
Super Tiras,2021-11-22,"Comédia ,Policial"
A Caminho do Verão,2022-05-06,"Romance,Drama"
Case Comigo,2022-02-10,"Comédia,Romance"
Águas Profundas,2022-03-18,"Suspense,Erótico"
Assassino Sem Rastro,2022-06-09,"Suspense,Ação"
DC Liga Dos Super Pets,2022-07-28,"Animação,Fantasia,Aventura"
Pureza,2022-05-19,"Drama,Biografia"
A Família Perfeita,2022-05-11,Comédia
Downton Abbey II: Uma Nova Era,2022-04-28,"Drama,Histórico"
Águas Selvagens,2022-05-12,Policial
Entre Irmãos,2022-01-30,Drama
Através da Minha Janela,2022-02-04,"Romance,Drama"
O Rei das Fugas,2022-05-12,"Drama,Ação,Comédia"
After 4 – Depois da Esperança,2022-08-25,"Drama,Romance"
A Voz do Empoderamento,2022-05-03,"Drama,Biografia"
"Não Se Preocupe, Querida",2022-09-22,"Suspense,Drama"
Mãos Talentosas – A História de Ben Carson,2022-04-25,"Drama,Biografia"
Morte no Nilo,2022-02-10,"Policial,Suspense"
A Vida Depois,2022-01-27,Drama
Anônimo,2022-03-17,Ação
Lua de Mel Com a Minha Mãe,2022-04-29,Comédia
Meu AmigãoZão - O Filme,2022-04-28,"Família,Animação,Aventura"
Benedetta,2022-01-13,"Drama,Histórico,Romance"
Arremessando Alto,2022-06-08,"Drama,Esporte"
Matrix: Resurrections,2021-12-22,"Ficção científica,Ação"
Amor & Gelato,2022-06-22,"Comédia,Drama,Romance"
King Richard: Criando Campeãs,2021-12-02,"Drama,Biografia"
A Pior Pessoa do Mundo,2022-03-24,"Drama,Comédia"
Chamas da Vingança,2022-05-19,"Suspense,Fantasia,Terror"
Não Olhe Para Cima,2021-12-09,Comédia
Pânico (2022),2022-01-13,"Terror,Suspense"
Pai Nosso?,2022-05-12,Documentário
Dog - A Aventura de Uma Vida,2022-05-19,Comédia dramática
Dois,2021-12-10,Suspense
Sing 2,2022-01-06,"Animação,Comédia Musical,Família"
O Projeto Adam,2022-03-11,"Ficção científica,Aventura,Ação"
Silverton: Cerco Fechado,2022-04-27,"Ação, Policial,Drama"
Vozes do Passado,2022-05-08,"Terror,Suspense,Drama"
A Fratura,2022-05-05,"Comédia dramática,Drama,Comédia"
Lightyear,2022-06-16,"Animação,Aventura,Comédia"
Moonfall - Ameaça Lunar,2022-02-03,"Ficção científica,Ação"
O Beco do Pesadelo,2022-01-27,"Drama,Suspense"
Sem Saída,2022-02-25,"Suspense,Terror"
Os Opostos Sempre Se Atraem,2022-05-06,"Comédia,Ação"
O Telefone Preto,2022-06-23,"Terror,Suspense"
Fresh,2022-03-04,"Suspense,Terror,Comédia"
Tudo em Todo Lugar ao Mesmo Tempo,2022-06-23,"Ficção científica,Ação,Comédia"
Elvis,2022-07-14,"Biografia,Musical"
Casa Gucci,2021-11-25,"Biografia,Drama"
Meia-Noite no Switchgrass,2022-04-29,"Suspense,Policial"
Todo Dia Uma Vida,2022-04-07,Romance
Adão Negro,2022-10-20,"Ação,Fantasia"
Agente das Sombras,2022-03-10,"Ação,Suspense"
Ambulância - Um Dia de Crime,2022-03-24,"Suspense,Ação"
Respire Fundo,2022-05-06,Drama
A Noite do Triunfo,2022-04-21,Comédia
Rápida e Mortal,2021-11-30,"Faroeste,Aventura,Ação"
Hotel Transilvânia 4: Transformonstrão,2022-01-14,"Animação,Família,Comédia"
Juntos e Enrolados,2022-01-13,Comédia
Ainda Estou Aqui,2022-02-11,"Romance,Drama,Ficção científica"
Predestinado - Arigó e o Espírito de Dr. Fritz,2022-09-01,Drama
Como Matar a Besta,2022-04-28,"Drama,Suspense,Fantasia"
A Filha Perdida,2021-12-31,Drama
Fogo Cruzado,2022-04-22,"Suspense, Ação"
Naquele Fim de Semana,2022-03-03,Suspense
Quarentão,2022-05-04,Comédia
A Seleção,2022-05-02,Comédia 
Até a Próxima Vez,2022-03-18,"Romance,Comédia dramática,Drama"
O Bombardeio,2022-03-09,"Drama,Guerra"
Drive My Car,2022-03-17,"Drama,Romance"
Quatro Amigas numa Fria,2022-05-19,Comédia
@Arthur.Rambo - Ódio nas redes,2022-05-12,Drama
Contra o Gelo,2022-03-02,"Aventura, Drama"
Klondike: A Guerra na Ucrânia,2022-05-05,Drama
Spree,2022-05-06,"Terror,Suspense,Drama"
Uma Mulher de Negócios,2022-05-05,Drama
Luta pela Fé - A História do Padre Stu,2022-05-19,"Drama,Biografia"
O Livro do Amor,2022-02-04,"Comédia,Romance"
Fetiches,2022-05-06,"Comédia,Romance"
O Resgate de Ruby,2022-03-17,"Biografia,Drama,Família"
Tarsilinha,2022-03-17,Animação
Ataque dos Cães,2021-12-01,"Faroeste,Drama"
Alemão 2,2022-03-31,Ação
Tre Piani,2022-04-07,"Comédia dramática,Comédia,Drama"
Caranguejo Negro,2022-03-18,"Suspense,Ação"
Hermanoteu na Terra de Godah,2021-11-25,Comédia
Resident Evil: Bem-Vindo a Raccoon City,2021-12-02,"Ação,Terror"
Mirador,2022-05-05,Drama
Acredite em Mim: A História de Lisa McVey,2022-02-01,"Policial,Biografia"
Inverno,2022-04-05,"Drama,Suspense"
Noite Passada em Soho,2021-11-18,"Suspense,Terror"
Sequestro Noturno,2022-04-11,"Terror,Suspense"
Vivos,2021-11-30,"Aventura,Drama"
Fuga da Meia-Noite,2022-02-21,Suspense
"Paris, 13º Distrito",2022-04-28,"Comédia,Romance,Drama"
Turma da Mônica - Lições,2021-12-30,"Aventura,Comédia,Família"
As Agentes 355,2022-01-20,"Ação, Espionagem,Suspense"
Cruzando a Linha,2022-02-18,"Suspense,Drama"
Joe Bell,2022-02-18,"Biografia,Drama"
King’s Man: A Origem,2022-01-06,"Ação,Espionagem"
Surto,2022-02-14,"Drama,Suspense"
A Jaula,2022-02-17,"Suspense,Drama,Crime"
Enigma do Espaço,2022-05-11,"Suspense,Fantasia"
Imperdoável,2021-12-10,"Drama,Suspense"
Missão Resgate,2021-12-09,"Ação,Suspense"
Os Olhos de Tammy Faye,2022-04-06,"Drama,Biografia"
Intervenção,2021-12-28,"Ação,Policial"
Marmaduke,2022-05-06,"Animação,Família,Comédia"
O Príncipe do Egito,2022-01-05,"Animação,Aventura,Drama"
Obrigado por Fumar,2021-11-22,Comédia 
A Journal for Jordan,2021-12-25,"Drama,Romance,Biografia"
American Underdog,2021-12-25,"Biografia,Drama"
Diário de um Banana,2021-12-03,"Animação,Comédia,Família"
O Justiceiro,2021-12-01,Ação
Trem-Bala,2022-07-29,"Ação,Suspense"
A Tragédia de Macbeth,2022-01-14,Drama
Combinação Perfeita,2022-05-19,"Comédia,Romance"
Sex Appeal,2022-03-18,"Comédia,Drama,Romance"
Exorcismo Sagrado,2022-02-10,Terror
Flee - Nenhum Lugar Para Chamar de Lar,2022-04-21,"Documentário,Animação"
Licorice Pizza,2022-02-17,"Drama,Comédia,Romance"
Belfast,2022-03-10,Drama
Bubble,2022-04-29,"Animação,Fantasia,Aventura"
Granizo,2022-03-30,Comédia
Mentes Perigosas,2021-11-22,"Suspense,Drama,Policial"
Um Dia Difícil,2022-02-27,"Ação,Suspense,Policial"
A Mão de Deus,2021-12-02,"Drama,Biografia"
Em Nome do Pai,2022-02-15,Drama
My Hero Academia - Missão mundial de heróis,2022-01-06,"Animação,Ação,Fantasia"
No Dia do Seu Casamento,2021-12-13,"Romance,Comédia"
O Traidor,2022-04-14,"Biografia,Drama"
O Violino do Meu Pai,2022-01-21,Drama
Quando Encontrei Você,2022-03-25,"Drama,Romance"
Time do Coração,2022-01-28,"Comédia,Esporte"
A Megera Domada,2022-04-13,"Drama,Romance,Comédia"
A Menina Que Acredita em Milagres,2022-01-17,"Drama,Família"
Esquema de Risco: Operação Fortune,2022-03-24,"Ação,Suspense,Espionagem"
Gato de Botas 2: O Último Pedido,2022-09-23,"Animação,Comédia,Aventura"
Os Condenados,2022-03-30,"Ação,Policial,Suspense"
Spencer,2022-01-27,"Biografia,Drama"
Assassinada,2022-04-25,Drama
Incompatível,2022-04-28,"Comédia,Romance"
Laços de Afeto,2022-03-04,"Comédia,Drama"
Metal Lords,2022-04-08,"Comédia,Musical"
O Abrigo,2022-04-06,Drama
"Amor, Sublime Amor",2021-12-09,"Comédia Musical,Romance,Drama"
Deserto Particular,2021-11-25,"Drama,Suspense"
Homem de Deus,2022-04-16,Drama
Instinto Assassino,2022-05-18,"Ação,Suspense"
Munique - No Limite da Guerra,2022-01-21,"Drama,Histórico,Suspense"
Nada é Por Acaso,2022-06-16,"Ação,Suspense,Romance"
Traição e Desejo,2022-03-02,"Drama,Suspense,Romance"
Vale Night,2022-03-17,Comédia
Vidas em Jogo,2022-04-01,Suspense
A Criança do Diabo,2022-04-28,Terror
Escolha ou Morra,2022-04-15,"Suspense,Terror"
A Fortaleza,2021-12-17,"Suspense,Ação"
Bob's Burger: O Filme,2022-05-26,"Animação,Comédia,Aventura"
Conspiração Fatal,2022-05-26,Suspense
Fale com Ela,2022-02-08,"Drama,Comédia,Romance"
Filhos do Privilégio,2022-02-09,"Terror,Suspense"
O Massacre da Serra Elétrica: O Retorno de Leatherface,2022-02-19,"Terror,Suspense"
O Pai da Rita,2022-05-19,Comédia
Você Pertence a Mim,2022-03-14,Suspense
A Crônica Francesa,2021-11-18,"Comédia,Drama,Romance"
A Letra Escarlate,2021-11-22,"Drama,Romance"
Clube dos Pervertidos,2022-05-11,Comédia 
De Volta ao Espaço,2022-04-07,Documentário
Eternamente Demais pra Mim,2022-04-01,"Comédia,Romance"
Fenômeno,2021-11-22,"Drama,Fantasia"
13 Fantasmas,2021-11-22,"Terror,Fantasia"
A Epidemia,2022-01-30,"Terror,Suspense"
A Era do Gelo: As Aventuras de Buck Wild,2022-01-28,"Animação,Comédia,Família"
A Felicidade das Coisas,2022-05-19,Drama
Cracolândia,2022-03-31,Documentário
Dormindo Com o Inimigo,2021-11-22,"Drama,Suspense"
Ghostbusters – Mais Além,2021-11-18,"Aventura,Ação,Comédia"
Mentes Extraordinárias,2022-05-19,"Drama,Comédia"
Meu Porto Seguro,2022-03-21,Drama
Miss França,2022-05-19,Comédia
O Estranho Sem Nome,2022-04-02,Faroeste
Papai é Pop,2022-08-11,Comédia dramática
Segredos em família,2022-05-26,Suspense
Sem Fôlego,2022-02-23,"Drama,Aventura,Crime"
Vitalina Varela,2022-04-14,Drama
"Bar, Doce Lar",2022-01-07,"Biografia,Drama"
Camisa de Força,2022-03-31,"Suspense,Fantasia"
Eiffel,2022-03-11,"Drama,Biografia,Comédia"
Má Educação,2022-02-09,"Drama,Suspense"
Próxima Parada: Lar Doce Lar,2021-12-10,"Animação,Comédia,Família"
Sword Art Online Progressive: Ária de uma Noite sem Estrelas,2022-03-10,"Animação,Ação,Ficção científica"
Um Conto de Amor e Desejo,2022-04-28,"Drama,Romance"
Um Lugar Bem Longe Daqui,2022-07-15,"Drama,Suspense"
Amor Sem Medida,2021-11-18,"Romance,Comédia"
Capitã Nova,2022-04-01,"Aventura,Ficção científica,Família"
Furioza,2022-04-06,"Ação,Policial,Drama"
Indecente,2022-01-13,"Suspense,Policial,Drama"
Maré Vermelha,2021-11-22,"Ação,Drama,Suspense"
O Amor Move Ondas,2022-02-10,"Romance,Drama"
O Mistério de Marilyn Monroe: Gravações Inéditas,2022-04-27,Documentário
O Pai da Noiva,2022-06-16,"Comédia,Romance"
Os Tênis Encantados,2022-05-13,"Comédia Musical,Romance,Fantasia"
Pânico na Floresta: A Fundação,2021-12-08,Terror
Rumspringa,2022-04-29,"Comédia,Drama"
Vai Dar Nada,2022-05-18,Comédia
Whindersson Nunes: É de mim mesmo,2022-03-03,Comédia
Woman King,2022-09-16,"Histórico,Drama"
Yaksha: Operação Implacável,2022-04-08,"Ação,Policial,Suspense"
A Vida é Agora,2022-01-21,Comédia
All the Old Knives,2022-04-08,"Suspense,Espionagem,Drama"
As Garotas de Cristal,2022-04-08,"Drama,Suspense"
Caminhando nas Nuvens,2021-11-22,"Romance,Drama"
"Com Amor, Anônima",2021-12-10,"Drama,Romance"
Contos do Amanhã,2021-12-09,Ficção científica
Halloween Ends,2022-10-14,Terror
Junior,2021-11-22,Comédia 
Nunca Fomos Tão Modernos,2022-04-21,"Romance,Comédia"
O Quarto Secreto,2021-11-15,"Suspense,Ficção científica"
Respect: A História de Aretha Franklin,2022-03-25,"Biografia,Musical"
Spring Breakers - Garotas Perigosas,2022-01-10,"Drama,Policial"
Terra Sem Lei,2022-04-18,"Faroeste,Ação"
Tico e Teco: Defensores da Lei,2022-05-20,"Animação,Ação,Comédia"
Vamos Consertar o Mundo,2022-04-13,"Comédia,Drama"
A Balada do Pistoleiro,2022-01-29,"Faroeste,Ação,Suspense"
A Filha do Rei,2022-01-05,"Aventura,Fantasia"
A Sogra Perfeita,2021-11-25,Comédia
A Última Noite,2021-12-23,"Suspense,Drama,Comédia"
Abercrombie & Fitch: Ascensão e Queda,2022-04-19,Documentário
Batalhas: Freestyle,2022-04-01,"Musical,Romance,Drama"
Bem-Amada,2021-11-22,"Drama,Terror"
Descobertas do Amor,2022-02-08,Romance
Doze É Demais,2022-03-18,"Comédia,Família"
Lulli,2021-12-27,"Comédia,Romance"
Novo no Pedaço,2021-12-29,Comédia 
O Céu Está em Todo Lugar,2022-02-11,"Drama,Romance"
PIG - A Vingança,2022-01-06,"Suspense,Drama"
Terror no Estúdio 666,2022-03-17,"Terror,Comédia"
45 do Segundo Tempo,2022-06-02,"Comédia,Drama"
A Inveja Mata,2022-04-20,Comédia 
A Serpente Verde,2021-12-03,"Animação,Fantasia,Aventura"
A Suspeita,2022-06-16,Ação
Amor com Fetiche,2022-02-11,"Comédia,Romance"
Apresentando os Ricardos,2021-12-21,"Biografia,Romance,Drama"
As Trambiqueiras,2022-03-25,Comédia
Chamados do Além,2021-11-16,Terror
Clifford: O Gigante Cão Vermelho,2021-12-02,"Família,Aventura,Comédia"
Coração de fogo,2022-02-24,"Animação,Família,Comédia"
Cosmoball - Os Guardiões do Universo,2022-01-12,"Ficção científica,Fantasia,Ação"
Crush à Altura 2,2022-02-11,"Comédia,Romance"
Funcionário do Mês,2022-02-23,Comédia 
Golpes de Vingança,2022-02-19,"Ação,Artes Marciais,Policial"
Madalena,2021-12-09,Drama
Memórias de Uma Paixão,2022-03-17,"Romance,Comédia"
Ménage,2022-03-17,"Suspense,Fantasia"
O Presidente Improvável,2022-03-31,Documentário
O Segundo Homem,2022-01-12,"Crime,Drama,Suspense"
Paws of Fury: The Legend of Hank,2022-07-22,"Animação, Comédia,Artes Marciais"
Pequena Mamãe,2022-03-03,Drama
Rise,2022-06-24,"Biografia,Esporte,Família"
Se Organizar Direitinho…,2021-11-30,Comédia
Thar,2022-05-06,Ação
"Tick, Tick…Boom!",2021-11-19,"Musical,Drama,Biografia"
Tina,2021-11-22,"Drama, Biografia,Musical"
Uma Luz na Escuridão,2021-11-22,"Drama,Suspense,Romance"
"Zorba, o Grego",2021-11-22,"Drama,Aventura"
A Babá: O Chamado das Sombras,2021-12-09,Terror
A Ursa Polar,2022-04-22,Documentário
Aretha Franklin: Amazing Grace,2021-11-25,"Documentário,Musical"
Azul Cobalto,2022-04-02,"Drama,Romance"
Belle,2022-01-27,"Animação,Aventura, Drama"
Não Confie em Ninguém: A Caça ao Rei da Criptomoeda,2022-03-30,"Documentário,Policial"
Não Me Mate,2022-02-21,"Fantasia,Terror,Romance"
Nossos Sonhos de Marte,2022-03-24,"Comédia,Romance,Ficção científica"
O Amante De Júlia,2022-01-18,Drama
O Poder da Oração,2022-03-27,Drama
Os Mortos Não Morrem,2022-03-23,"Comédia ,Terror"
Os Piratas: Em Busca do Tesouro Perdido,2022-03-02,"Ação,Aventura,Histórico"
Preso aos Estudos,2022-04-08,Comédia dramática
Segunda-Feira,2022-04-19,"Drama,Romance"
Sorte de Quem?,2022-03-19,"Suspense,Drama,Policial"
The Aftermath,2021-11-22,"Drama,Romance"
Top Gang 2 - A Missão,2021-11-22,"Comédia ,Ação"
Uma Voz Contra o Poder,2022-03-04,"Drama,Biografia"
A Mesma Parte de um Homem,2022-04-07,Drama
À Prova de Balas,2021-11-16,"Ação,Comédia "
Caixa Preta,2022-04-07,"Suspense,Drama"
Die In A Gunfight,2022-04-01,"Ação,Drama,Romance"
Inimiga Perfeita,2021-12-03,Suspense
Meu Primeiro Amor - Parte 2,2021-11-22,"Comédia dramática,Família"
Mimadinhos,2021-11-26,Comédia
Nossas Meninas,2022-02-25,"Comédia,Drama"
Notas Sobre um Escândalo,2021-11-22,"Drama,Suspense"
O Golpista do Tinder,2022-02-02,Documentário
Pedágio Mortal,2022-03-04,"Terror,Suspense"
Silvio Santos - O Sequestro,2021-12-09,Drama
The Contractor - Mercenário,2022-02-01,"Ação,Suspense"
Tratamento de Realeza,2022-01-20,"Romance,Comédia"
Um Lugar Secreto,2021-12-22,"Drama,Suspense"
1BR: O Apartamento,2022-03-19,"Suspense,Drama,Terror"
A Mão Que Balança o Berço,2021-11-22,"Drama,Suspense"
A Mulher de um Espião,2022-03-31,"Drama,Histórico"
A Pedra Mágica,2022-03-16,"Comédia,Aventura"
A Professora de Violino,2022-03-17,Drama
Aberrações,2022-03-04,"Ficção científica,Suspense"
"Anne Frank, Minha Melhor Amiga",2022-02-01,"Drama,Histórico"
Barbie e O Segredo das Fadas,2022-05-01,"Animação,Família,Fantasia"
"Barbie: Big City, Big Dreams",2022-03-24,"Animação,Família,Comédia Musical"
Barbie: Escola de Princesas,2022-05-16,"Animação,Família,Fantasia"
Cadillac Records,2022-04-02,"Musical,Drama,Biografia"
Epa! Cadê o Noé 2,2022-03-31,"Animação,Família,Aventura"
Galeria Futuro,2021-11-18,Comédia
Herói,2022-01-07,"Histórico,Drama,Ação"
Jackass 4.5,2022-05-20,Comédia
Jane Eyre,2022-02-08,"Drama,Romance"
Mesa Para Quatro,2022-01-05,"Romance,Comédia"
Mostra-me o pai,2021-12-02,Documentário
Segredos nas Paredes,2021-12-02,"Terror,Drama,Suspense"
Sempre em Frente,2022-02-17,Drama
"Sexo, Pudor e Lágrimas 2",2022-03-31,"Drama,Comédia"
The Green Knight,2022-01-21,"Aventura,Drama,Fantasia"
Transversais,2022-02-24,"Drama,Documentário"
Um Lugar,2022-02-01,Drama
Undine,2021-12-23,"Drama,Romance"
Viagem ao Topo da Terra,2021-11-30,"Aventura,Animação,Drama"
Zola,2022-04-11,"Comédia dramática,Drama,Comédia"
007 Contra Goldeneye,2021-12-31,"Espionagem,Ação,Suspense"
12 Dias de Natal,2021-12-22,Romance
A Bolha,2022-04-01,Comédia
All Things Valentine,2022-01-15,"Romance,Comédia,Drama"
Bad Johnson,2022-03-31,Comédia 
BigBug,2022-02-13,"Comédia,Ficção científica,Fantasia"
Cocktail,2021-11-22,"Comédia dramática,Romance"
Con Air - A Rota da Fuga,2021-11-22,Policial
Conspiração Explosiva,2022-05-20,"Ação,Suspense,Policial"
Home by Spring,2022-01-15,Drama
Jackass - O Filme,2022-05-15,"Comédia,Ação,Documentário"
Jogo de Traições,2022-02-24,"Policial,Suspense"
Juice WRLD: Into The Abyss,2021-12-16,"Documentário,Musical"
Madea: O Retorno,2022-02-27,"Comédia,Família"
Madre,2021-11-25,"Drama,Suspense"
Mar de Dentro,2022-04-07,Drama
Mar de Fogo,2021-11-22,"Histórico,Ação,Aventura"
Master,2022-03-18,"Terror,Drama,Suspense"
Me Tira da Mira,2022-03-24,Comédia
Meu Filho,2022-03-01,"Suspense,Policial,Drama"
Minha Vida Incomoda Muita Gente,2022-03-04,Comédia
Mulher Nota 1000,2022-04-01,"Comédia ,Fantasia"
O Assassino de Clovehitch,2022-01-12,"Suspense,Drama,Terror"
O Fotógrafo e o Carteiro: O Crime que Parou a Argentina,2022-05-19,Documentário
O Menino Atrás da Porta,2022-02-18,"Terror,Suspense"
O Monstro da Lagoa Negra,2021-12-12,"Terror,Ficção científica"
O Resgate: O Dia da Redenção,2021-12-07,"Ação,Suspense,Drama"
Odilon - Réu de Si Mesmo,2022-02-11,Documentário
Patient Zero,2022-04-02,"Terror,Ação,Suspense"
Pequenos Espiões,2022-01-07,"Aventura,Comédia ,Ação"
Ponto de Inflexão,2022-04-20,"Policial,Drama"
Possessor,2022-02-18,"Suspense,Ficção científica,Terror"
Queda Livre: A Tragédia do Caso Boeing,2022-02-19,Documentário
Strange But True,2022-03-31,Suspense
Swing Kids - No Ritmo da Liberdade,2022-04-13,Drama
Te Pego Lá Fora,2022-02-01,Comédia 
Terapia da Vingança,2021-11-25,"Ação,Drama"
The Survivor,2022-04-27,"Biografia,Ação,Drama"
Torpedo: U-235,2021-11-22,"Ação,Aventura,Histórico"
Um Anjo em Minha Vida,2021-11-22,"Romance,Comédia dramática,Fantasia"
Um Broto Legal,2022-06-16,"Biografia,Musical,Drama"
Vigaristas em Hollywood,2021-12-02,"Comédia,Ação,Policial"
13 Cameras,2022-01-13,"Terror,Suspense"
A Época da Inocência,2022-05-05,"Romance,Drama"
A Profecia 3 - O Conflito Final,2021-11-22,"Terror,Suspense"
A Sétima Alma,2021-12-01,"Terror,Suspense"
A Última Legião,2022-01-18,"Aventura,Ação,Guerra"
A Vila dos Uivos,2022-03-18,"Suspense,Terror"
A Vingadora,2021-11-24,"Suspense,Drama"
Acima de Qualquer Suspeita,2022-04-30,"Suspense,Drama"
Adivinhando o Amor,2022-03-31,"Romance,Drama"
Adoráveis Mulheres,2022-02-25,Drama
Além do Céu,2022-04-04,"Animação,Drama,Fantasia"
Amor Nas Alturas,2022-01-02,"Romance,Drama"
Amsterdã,2022-11-04,"Suspense,Drama"
"Anastacia, a Princesa Esquecida",2022-02-15,Drama
"Batman, o Homem-Morcego",2021-11-22,"Ação,Aventura,Comédia "
Beautiful Vampire: Amor Proibido,2021-11-28,"Romance,Drama,Fantasia"
Cha Cha Real Smooth,2022-06-17,"Drama,Comédia"
Chernobyl - O Filme,2022-02-23,"Drama,Histórico,Ação"
Como Enlouquecer Seu Chefe,2021-11-22,Comédia 
Desbravadores,2021-11-22,"Aventura,Ação,Drama"
Desejo e Perigo,2022-01-13,"Guerra,Romance,Suspense"
Desterro,2022-09-22,Drama
Dias Incríveis,2022-01-28,Comédia 
Didi Quer Ser Criança,2022-03-29,"Comédia ,Aventura,Família"
Django & Django,2022-02-01,Documentário
Em Segredo,2022-04-16,"Suspense,Drama"
Encounter,2021-12-10,"Suspense,Ficção científica"
Força Aérea Um,2021-11-22,"Aventura,Ação,Drama"
Ilusões Perdidas,2021-11-25,"Drama,Histórico"
Juventude Transviada,2021-12-18,Drama
KIMI - Alguém Está Escutando,2022-02-10,"Suspense,Policial,Drama"
Lance,2021-11-22,Documentário
Ligações Perigosas,2022-07-08,"Romance,Comédia dramática,Drama"
Luccas Neto em: Um Natal Muito Atrapalhado,2022-03-17,"Comédia,Família"
Mãe x Androides,2022-01-07,"Ficção científica,Suspense,Drama"
Minha Vida Perfeita,2022-02-28,"Comédia,Drama,Romance"
"Morra, Smoochy, Morra",2022-05-11,Comédia 
"Na Mira, Ecos de Um Crime",2022-03-19,Suspense
Namorando em Nova York,2022-02-14,"Romance,Comédia"
Nina,2021-11-18,Drama
No Ritmo da Vida,2022-03-03,"Comédia dramática,Drama,Comédia"
Nós Duas,2021-12-16,"Drama,Romance"
Nove Dias,2021-12-09,"Drama,Fantasia"
O 13º Guerreiro,2021-11-22,Aventura
O Acontecimento,2022-07-07,Drama
O Novato,2022-03-25,"Suspense,Espionagem"
O Pacto,2022-04-07,"Biografia,Drama"
O Pagamento Final,2021-11-22,"Policial,Drama,Suspense"
O Rei das Armas,2021-12-17,Ação
O Terceiro Olho,2022-05-01,Suspense
Pipeline - O Grande Roubo,2022-01-10,"Ação,Crime"
"Prazer, Kalinda",2022-03-09,"Drama,Biografia,Romance"
Ray Donovan The Movie,2022-01-15,"Policial,Drama,Suspense"
Rob Roy - A Saga de uma Paixão,2022-04-01,"Aventura,Histórico,Drama"
Rodrigo Sant'Anna: Cheguei!,2022-05-19,Comédia
Swan Song,2021-12-17,"Drama,Ficção científica"
The Perfect Match,2022-02-15,"Comédia,Romance"
Traficante de Corpos,2022-03-11,"Suspense,Drama"
Um Cara Quase Perfeito,2022-03-31,Comédia dramática
Uma Boa Ação,2022-03-01,"Romance,Drama,Comédia"
1999: A Conquista da América,2022-03-31,Documentário
28 Dias,2021-11-22,Drama
5 Dias de Guerra,2021-12-31,"Drama,Guerra,Ação"
5 É o Número Perfeito,2022-01-05,"Policial,Suspense,Drama"
A felicidade das pequenas coisas,2022-01-27,"Aventura,Drama,Família"
A Ilha de Bergman,2022-02-24,"Drama,Comédia,Fantasia"
A noite além da janela triangular,2021-12-04,Terror
A Outra Terra,2021-11-22,"Drama,Ficção científica"
A Princesa e a Plebeia 3: As Vilãs Também Amam,2021-11-18,"Romance,Comédia,Família"
A Viagem,2021-11-22,"Drama,Suspense"
Ainda Há Tempo,2021-12-02,Drama
Alien vs. Predador 2,2021-11-22,"Ação,Ficção científica,Terror"
Amálgama,2022-04-13,Comédia dramática
Apenas uma Vez,2022-01-23,"Drama,Comédia Musical"
As Testemunhas de Putin,2022-02-25,Documentário
Azor,2021-12-16,Drama
Crise,2022-02-08,Suspense
Death To 2021,2021-12-28,"Documentário,Comédia"
Delicioso: Da Cozinha para o mundo,2022-02-10,"Comédia,Histórico"
Djinn: Cuidado com o que deseja,2022-02-11,"Terror,Suspense"
Dois Virgens na América,2021-11-16,Comédia
Em Minha Terra,2022-04-06,Drama
Em Seu Lugar,2021-11-22,Comédia 
Esperando por Você,2022-04-04,"Drama,Suspense"
Estrada para Perdição,2021-11-22,"Drama,Suspense"
Il buco,2022-05-19,Drama
Invasor de Mentes,2022-04-16,"Ação,Ficção científica"
João e o Pé de Feijão: o Retorno do Gigante,2021-11-23,"Comédia,Família"
Kika,2022-02-08,Comédia 
Laura Pausini - Prazer em Conhecer,2022-04-07,"Documentário,Musical"
Matando Deus,2022-03-27,"Drama,Comédia"
Meu Primo Vinny,2021-11-22,Comédia 
MIB23,2022-05-06,"Ação,Comédia ,Policial"
Momento Crítico,2021-11-18,Policial
Moscow,2021-12-14,"Ação,Suspense"
O Homem Que Não Vendeu Sua Alma,2022-03-30,Histórico
O Mistério De Hailey Dean: Morto em Serviço,2021-12-01,"Suspense,Policial"
O Pescador de Ilusões,2022-04-06,Comédia dramática
O Solteiro Mais Cobiçado,2022-03-21,"Drama,Romance"
"Olá, Adeus e Tudo Mais",2022-07-06,"Comédia,Romance"
Os Excêntricos Tenenbaums,2021-11-22,"Comédia ,Drama"
Os Reis de Dogtown,2021-12-01,"Biografia,Drama"
Pajéu,2022-03-31,Drama
Passado Violento,2022-05-27,"Drama,Suspense"
Procurar e Destruir,2022-03-09,Ação
Pulse,2022-03-30,Terror
Quatro Dias Com Ela,2022-03-22,Drama
Que Mal Eu Fiz a Deus? 2,2021-12-02,Comédia
"Que Se Dane o Amor, De Novo!",2022-05-20,"Comédia,Romance"
Rebento,2022-03-31,Drama
Revelação,2021-11-22,"Fantasia,Suspense"
Robin Hood - O Príncipe dos Ladrões,2021-11-22,Aventura
Roda do Destino,2022-01-06,"Drama,Romance"
S.W.A.T - Força Letal,2022-02-04,Ação
Sem Respirar: Um Mergulho sob o Gelo,2022-05-03,"Documentário,Esporte"
Sorry To Bother You,2021-11-22,"Comédia ,Fantasia,Ficção científica"
"Summer of Soul (...Ou, Quando a Revolução Não Pode Ser Televisionada)",2021-12-30,"Documentário,Musical"
Super Size Me 2: Holy Chicken!,2022-01-17,Documentário
The Hummingbird Project,2021-11-22,"Drama,Suspense"
The Loud House - Um Natal Muito Loud,2021-12-06,"Família,Comédia"
Thomas e Seus Amigos: Corrida pela Taça Sodor,2022-04-21,Animação
Torrentes de Paixão,2022-02-25,"Drama,Suspense"
Tralala,2022-07-14,Comédia Musical
Tudo por Dinheiro,2022-03-30,"Drama,Suspense"
Um Carrossel de Natal,2021-12-18,"Romance,Drama"
Um Menino Chamado Natal,2021-11-24,"Família,Aventura,Drama"
Um Natal de Descobertas,2021-12-01,"Romance,Comédia"
"Um Natal Muito, Muito Louco",2022-01-05,Comédia 
Uma Casa de Pernas Pro Ar,2022-04-06,Comédia 
Uma Loira em Minha Vida,2021-11-22,"Comédia ,Musical,Romance"
Victoria e Mistério,2021-12-24,"Aventura,Família"
Visões de um Crime,2022-04-20,"Drama,Suspense"
8 Presidentes 1 juramento - A história de um tempo presente,2021-11-18,Documentário
A Candidata Honesta,2022-04-06,Comédia
A Extraordinária Garota Chamada Estrela em Hollywood,2022-06-03,"Comédia,Drama,Romance"
A Gangue,2022-03-30,"Drama,Policial"
A Hora do Pesadelo 5 - O Maior Horror de Freddy,2022-02-23,Terror
A Ilha da Imaginação,2022-04-01,"Aventura,Comédia"
A Infância de Um Líder,2022-05-05,Drama
A Ira de Deus,2022-06-15,Suspense
A Jóia do Nilo,2021-11-22,"Aventura,Ação"
A Lei do Desejo,2022-02-08,"Comédia dramática,Suspense"
A Luta de Fatuma,2022-01-14,Drama
A Mansão Foster Para Amigos Imaginários: A Casa De Bloo,2022-02-19,"Animação,Comédia,Aventura"
A Origem do Mundo,2022-01-11,Comédia
A Segunda Chance para o Primeiro Amor,2021-11-27,Romance
A Última Festa de Solteiro,2021-11-22,"Comédia ,Romance"
Adam By Eve: A Live In Animation,2022-03-15,"Animação,Musical"
Adeus Idiotas,2022-02-24,Comédia
Ajuste Final,2021-11-22,"Drama,Policial"
Ama-me,2021-11-19,Drama
Amandla,2022-01-21,"Crime,Drama,Policial"
Antes e Depois,2021-11-22,"Drama,Policial,Suspense"
Ao Entardecer,2021-12-14,Drama
As Fotos Vazadas,2022-01-13,"Drama,Suspense"
Asas de Aço,2022-03-22,"Drama,Histórico"
Asterix e Obelix: Ao Serviço de Sua Majestade,2022-01-31,"Comédia ,Aventura"
Até a Noite Terminar,2022-04-07,Suspense
Aya e a Bruxa,2021-11-18,"Animação,Aventura,Fantasia"
Badhaai Do: Casamento por Conveniência,2022-04-05,"Comédia,Drama"
Be Water,2021-11-22,"Documentário,Esporte"
Ben Crump Pelos Direitos Civis,2022-06-19,"Documentário,Crime"
Bendita Rebeldia,2022-03-31,Comédia
"Bless Me, Ultima",2022-04-01,"Drama,Guerra"
Bola de Fogo,2021-11-21,"Comédia ,Romance"
Brinquedo Assassino 3,2021-11-22,Terror
Butch Cassidy,2021-11-22,"Ação,Biografia,Faroeste"
Child of Kamiari Month,2022-02-08,"Animação,Drama, Fantasia"
Código da Máfia,2022-04-27,"Drama,Policial"
Coração de Caçador,2021-11-24,Drama
Desvendando o Natal,2022-01-25,Romance
Distrito 666,2022-02-02,"Drama,Policial"
Dois Perdidos Numa Noite Suja,2022-02-06,Drama
Dream Horse,2022-04-01,"Biografia,Drama,Comédia"
Duro de Matar 2,2021-11-22,"Ação,Suspense"
Espero que esta te encontre e que estejas bem,2022-06-09,"Drama,Documentário"
Esse Fim de Semana,2022-03-10,Drama
Estigma da Crueldade,2021-11-22,"Faroeste,Drama"
Fédro,2022-02-15,Documentário
Flummels: Extintos!,2021-11-19,"Animação,Aventura,Família"
Fora dos Trilhos,2022-04-15,"Comédia,Ação"
Garoto Chiffon,2022-03-17,"Comédia,Drama"
"George, O Curioso: Aventuras no Oeste Selvagem",2021-12-19,"Animação,Família"
Herói por Acidente,2022-04-16,"Comédia dramática,Comédia ,Drama"
Hokusai,2021-12-09,"Drama,Biografia,Histórico"
I Want You Back,2022-02-11,"Comédia,Romance"
Jantar com Amigos,2022-04-30,"Comédia,Drama"
Kevin,2022-11-03,Documentário
Legacy Of Lies,2022-01-28,"Ação,Suspense"
Lola e o Mar,2022-04-14,"Drama,Comédia"
Luccas Neto em: Dia das Crianças,2022-03-17,Família
Luccas Neto em: O Mapa do Tesouro,2022-03-17,"Comédia,Família"
Macabro,2022-01-15,"Suspense,Drama"
Mãe e Filha,2022-05-02,Drama
Mais que Demais Pra Mim,2021-12-10,"Drama,Romance"
Mais Que Robôs,2022-03-18,Documentário
Mateína - A Erva Perdida,2022-03-31,"Comédia,Aventura,Comédia dramática"
Me Time,2022-08-26,Comédia
Meios-Irmãos,2021-11-17,"Comédia,Drama"
Memórias de um Amor,2022-02-01,"Drama,Romance"
Morando com o Medo,2022-01-28,"Suspense,Terror"
Mystify: Michael Hutchence,2022-03-17,Documentário
No táxi do Jack,2021-12-16,Documentário
Nossa História de Amor,2022-01-15,Drama
Nosso Verão,2022-02-25,"Drama,Romance"
O Armário,2022-02-03,"Fantasia,Terror"
O Barão Vermelho,2022-04-17,"Guerra,Drama,Romance"
O Barato de Iacanga,2022-03-17,"Documentário,Musical"
O Brilho do Natal,2021-12-22,"Romance,Drama"
O Cara que Não Aglomerava,2021-12-03,Comédia dramática
O Chapeleiro do Mal,2022-01-16,Terror
O Enigma do Horizonte,2022-02-01,Fantasia
O Festival do Amor,2022-01-06,"Comédia,Romance"
O Fugitivo,2022-02-25,"Policial,Drama"
O Homem de Toronto,2022-09-12,"Ação,Comédia"
O Justiceiro,2021-11-22,Ação
O Lobisomem,2021-12-12,Terror
O Melhor Presente de Natal,2021-11-27,Romance
O Negociador,2022-04-01,"Comédia,Drama,Policial"
O Páramo,2022-01-06,Terror
One Piece Gold: O Filme,2022-03-21,"Animação,Aventura,Ação"
Operação Sol Nascente,2022-04-16,"Ação,Aventura,Suspense"
Os Olhos Negros de Marilyn,2022-03-15,"Comédia,Drama"
Ovelha Negra,2022-05-01,"Comédia ,Drama"
Patton - Rebelde ou Herói?,2021-11-22,"Guerra,Drama,Biografia"
Pequenos Espiões 3D,2022-01-07,"Espionagem,Aventura,Comédia"
Policiando A Polícia 2020,2021-11-16,Documentário
Polônia à Flor da Pele,2021-11-28,"Comédia,Drama"
Primavera,2022-02-17,Drama
Projeto Natal dos Sonhos,2022-01-25,"Romance,Drama,Família"
"Quem Não Corre, Voa",2022-04-13,"Ação,Comédia "
Quiz Show - A Verdade dos Bastidores,2021-11-22,"Histórico,Drama,Biografia"
Rabbids: A Invasão - Missão Para Marte,2022-03-17,"Animação,Comédia"
Rastro Mortal,2022-02-02,"Ação,Suspense"
Reino de Fogo,2022-03-04,"Ação,Fantasia"
Robin Hood - O Herói dos Ladrões,2021-11-22,"Ação,Drama,Romance"
Rua Guaicurus,2022-07-14,Documentário
Sabor do Desejo,2021-12-10,"Drama,Romance"
Sangue em Sonora,2022-04-01,Faroeste
Segundas Intenções 2,2022-04-02,"Drama,Comédia "
Selvagem,2021-12-02,"Drama,Romance"
Sem Destino,2021-12-17,"Comédia ,Drama"
Sem Notícias de Deus,2021-11-29,"Comédia , Fantasia"
Six Minutes To Midnight,2022-02-11,"Drama,Suspense,Histórico"
Sob o Signo de Capricórnio,2022-04-29,Drama
Some Velvet Morning,2021-11-19,Drama
South Park: Pós-Covid,2021-12-07,"Animação,Comédia"
Spiderhead,2022-06-17,"Ficção científica,Ação"
Stockholm,2021-11-22,"Policial,Comédia dramática"
Super Murali,2022-02-19,"Ação,Aventura,Fantasia"
Suspeita,2022-04-11,"Drama,Suspense,Policial"
Te Prego Lá Fora,2021-12-15,"Comédia,Animação"
The Beach Bum,2021-11-22,Comédia
The Cleanse,2021-12-01,"Comédia,Terror,Fantasia"
The Devil's Light,2022-10-28,"Suspense,Fantasia"
The Falls,2022-01-29,Drama
The Georgetown Project,2022-08-18,"Suspense,Fantasia"
The Promised Neverland,2021-12-04,"Ação,Aventura,Drama"
The Rescue,2021-12-31,Documentário
The Way Back,2022-02-18,Drama
The Weeknd x The Dawn FM Experience,2022-02-26,"Show,Espetáculo"
Ticket To Paradise,2022-09-15,"Comédia,Romance"
Tigres Voadores,2021-12-05,"Drama,Guerra,Ação"
Tutâncamon: A Vida do Faraó,2022-01-14,Documentário
Um Acordo de Natal: Salvando o Starlight,2021-12-22,Romance
Um Crush para o Natal,2021-12-02,"Comédia, Romance"
Um Intruso no Porão,2021-11-25,Suspense
Um Vampiro no Brooklyn,2022-04-01,Fantasia
Uma Esposa de Natal,2021-12-16,"Comédia dramática,Drama,Comédia"
Uma Rua Chamada Pecado,2022-03-05,Drama
Valsa de Natal,2021-11-27,"Drama,Romance,Família"
Visões,2022-02-20,"Drama,Policial"
Viver ou Morrer,2021-11-29,Crime
Whitney,2022-02-11,Documentário
With/In,2022-04-28,Drama
Women of 9/11: A Special Edition of 20/20 with Robin Roberts,2021-11-22,Documentário
12 Órfãos Poderosos,2022-02-04,"Drama,Biografia,Esporte"
137 Disparos,2021-12-15,Documentário
"14 Montanhas, 8 Mil Metros e 7 Meses",2021-11-29,Documentário
500 - Os bebês roubados pela Ditadura Argentina,2022-01-23,Documentário
93Queen,2021-12-28,Documentário
A Caridade,2021-11-19,Drama
A Casa do Demônio,2022-03-12,Terror
A Cidade do Natal,2022-01-21,"Drama,Romance"
A Despedida,2021-12-05,Drama
A Espera de Liz,2022-03-17,Drama
A Estreita Faixa Amarela,2022-03-04,Drama
A Família Craft em O Impostor,2021-12-24,"Família,Animação,Aventura"
A Família Craft em Uma Avnetura das Arabias,2021-12-10,"Família,Comédia"
A Fortuna Desafia A Morte,2022-03-10,"Policial,Drama"
A História do Cinema: Uma Nova Geração,2022-04-01,Documentário
A História do Olhar,2022-03-31,Documentário
A Lenda de Hei,2022-04-11,"Animação,Aventura"
A Lenda de Nahuala,2022-01-22,"Animação,Aventura,Família"
A Luz é para Todos,2022-02-23,"Drama,Romance"
A Mais Bela,2022-03-30,Comédia dramática
A Monstra - Sede de Sangue,2022-02-04,"Suspense,Terror"
A Mulher que Fugiu,2022-02-10,Drama
A Pele Do Urso,2022-03-21,Aventura
A Promessa,2022-03-16,"Drama,Policial"
A Tentação de Matar,2022-02-18,"Drama,Suspense"
A Travessia,2021-11-25,"Animação,Drama"
A Última Ameaça,2021-11-22,"Ação,Suspense"
A Vida Nova,2021-11-22,Drama
Abzurdah,2021-11-22,"Drama,Romance,Biografia"
Adrienne,2021-12-18,Documentário
Agente Biológico,2022-04-28,"Ação,Suspense"
Alelí,2022-03-17,"Drama,Comédia"
Além da Lenda - O Filme,2022-06-09,"Animação,Família"
Além do Oceano (Telugu),2022-03-21,"Ação,Drama,Romance"
Alguém para Eva,2022-02-20,"Comédia ,Romance"
Alice e o Prefeito,2022-01-05,"Comédia dramática,Drama,Comédia"
Ama-me com Ternura,2022-02-11,"Drama,Musical,Romance"
Ame wo Tsugeru Hyouryuu Danchi,2022-09-16,"Animação,Aventura,Família"
Amigas Improváveis,2021-11-14,"Drama,Comédia"
"Amityville, O Terror",2022-04-01,Terror
Amor Artificial,2022-02-19,"Romance,Ficção científica,Comédia"
Amor Fati,2021-12-16,"Documentário,Drama"
Amor Louco,2021-11-22,"Comédia dramática,Romance"
And Just Like That…O Documentário,2022-02-03,Documentário
Angèle,2021-11-26,"Documentário,Musical"
Annette,2021-11-26,"Comédia Musical,Romance,Drama"
Anni Da Cane,2021-11-26,"Comédia,Romance"
Apollo 10 e Meio: Uma Aventura Espacial,2022-04-01,"Animação,Aventura,Drama"
"Apresentando, Nate",2022-04-01,"Comédia Musical,Família"
Aqui e Agora,2021-12-16,Comédia dramática
Aquilo Que Nos Separa,2022-01-09,"Comédia,Drama,Musical"
Árvores da Paz,2022-06-10,Drama
As Donas do Pedaço,2021-12-05,"Comédia,Romance"
As Faces Da Beleza,2022-03-08,Documentário
As Leis da Fronteira,2021-11-22,"Policial,Ação,Drama"
As Tartarugas Ninja III,2022-04-25,"Aventura,Ação,Comédia "
Asas de Águia,2021-12-12,"Biografia,Guerra,Drama"
Assassinato na cachoeira,2022-05-02,Policial
Bancando a Mona Lisa,2022-01-01,Comédia 
Beautifully Broken,2021-12-12,Drama
Becoming Cousteau,2021-11-24,Documentário
"Bem Me Quer, Mal Me Quer",2022-04-05,"Romance,Drama"
Bem-vindo à Vida,2021-11-22,Drama
Beyond the Brick: A LEGO Brickumentary,2022-03-30,Documentário
Blast Beat,2022-02-18,Drama
Blaze,2022-02-15,"Biografia,Drama"
Blind Detective,2021-12-01,"Suspense,Policial,Drama"
Bluebird,2022-02-20,Documentário
"Bom dia, Natal",2022-01-25,Romance
Boogie,2022-02-17,Drama
Brasil Azul,2022-02-26,Documentário
Broke,2022-02-15,Documentário
Bros,2022-08-11,"Romance,Comédia"
Brothers in Exile,2021-11-22,Documentário
Burlesque,2022-03-23,"Comédia dramática,Comédia"
Busca Explosiva 2,2021-12-08,"Ação,Suspense"
Caçada,2022-04-08,"Terror,Suspense"
Campo de Batalha,2021-12-12,"Drama,Guerra"
Carreiras,2021-11-14,Outros
Carros Usados,2022-03-23,Comédia
Casa Amor,2021-11-29,"Comédia,Doramas"
Casal de Fachada,2022-05-20,"Comédia,Romance"
Casos e Casamentos,2021-11-22,Comédia 
Casulo,2021-12-09,"Drama,Romance"
Cats e a Gatolândia,2022-01-04,"Animação,Família"
Cenas em um Shopping,2021-11-22,Comédia 
Chamada Explosiva,2021-11-19,"Ação,Suspense,Drama"
Charge and Bail,2022-04-29,"Drama,Comédia"
Cine Gibi 9: Vamos Fazer de Conta!,2021-12-10,Animação
Clara,2022-04-06,"Ficção científica,Drama"
Clive Davis: The Soundtrack of Our Lives,2021-12-10,Documentário
Códigos Ocultos,2021-12-02,"Policial,Suspense"
Como Estrelas Cadentes,2022-01-28,Comédia
Como Me Apaixonei por um Gângster,2022-01-12,"Drama,Policial"
Como Salvar o Papai Noel,2021-11-17,"Animação,Comédia"
Companhia das Focas,2021-12-31,"Animação,Ação,Comédia"
Conspiração Wander,2021-12-29,"Suspense,Ação,Policial"
Cora,2021-12-03,Drama
Coração de Trovão,2022-04-20,"Policial,Suspense,Faroeste"
Coração Violento,2021-11-15,"Romance,Drama,Suspense"
Corações em guerra,2022-01-28,"Drama,Romance,Histórico"
Correndo com Tesouras,2022-04-20,Comédia dramática
Dahl e Potter: um Encontro Mágico,2021-11-15,"Comédia dramática,Família,Drama"
Daiki Tsuneta: Tokyo Chaotic,2021-12-31,"Documentário,Musical"
Dark River,2022-03-04,Drama
Dating Amber,2022-02-14,"Comédia,Drama,Romance"
De Novo Natal?,2021-12-17,"Comédia,Família,Aventura"
Decisão de Uma Vida,2021-11-21,Drama
Depois dos 30,2022-01-05,Comédia 
Desafio à Corrupção,2021-11-22,Drama
Desastre Vulcânico,2022-03-25,Documentário
Detective Conan: Dimensional Sniper,2022-01-03,"Aventura,Animação,Ação"
Detective Conan: The Fist of Blue Sapphire,2022-01-03,"Animação,Ação,Aventura"
Deus Tem AIDS,2021-12-02,Documentário
Direito à Vida,2021-11-28,Drama
Disputa de Sangue,2021-11-20,"Doramas,Ação"
Don’t Make Me Go,2022-07-15,"Comédia,Drama,Aventura"
Doraemon: In nobita and The Steel Troops: The New Age,2022-01-17,"Animação,Aventura,Ação"
Dragon Inn Parte 1: A Cidade da Tristeza,2021-11-30,"Ação,Doramas"
Dragon Inn Parte 2: A Noite dos Deuses,2021-11-30,"Ação,Doramas"
Duelo na Cidade Fantasma,2021-12-31,Faroeste
Duro na Queda,2022-04-19,"Ação,Drama,Policial"
E agora mamãe saiu de férias 2...e levou a família,2021-12-09,Comédia
Ecos do Passado,2021-12-16,Drama
EdTV,2021-11-22,Comédia 
El Chicano,2021-11-22,"Ação,Suspense,Drama"
El espejo de los otros,2021-11-22,Comédia dramática
Ella Fitzgerald: Just One of Those Things,2022-05-01,"Documentário,Biografia,Musical"
Elway to Marino,2022-02-15,"Documentário,Biografia,Histórico"
Em Nome do Rei 2 - Entre Dois Mundos,2021-12-20,"Fantasia,Aventura"
Embattled - Dias de Luta,2021-12-11,"Ação,Drama,Artes Marciais"
Enquanto Vivo,2021-11-25,Drama
Esquentando o Alasca,2021-11-22,"Comédia ,Drama"
Essa Não É Uma Comédia,2022-01-14,"Comédia dramática,Drama,Comédia"
Essa Noite Você é Minha,2021-12-04,"Comédia ,Musical"
Eu Não Choro,2022-01-20,"Comédia,Drama"
Expresso de Natal,2022-01-21,Romance
Eyjafjallajokull,2022-01-29,Comédia 
Fabian - O mundo está acabando,2022-03-10,"Drama,Histórico"
Falling For Figaro,2022-04-01,"Comédia,Romance,Musical"
Fama e Tragédia de um Astro Colombiano,2022-03-30,Documentário
Farrapo Humano,2021-12-31,Drama
Fé e Fúria,2022-10-13,Documentário
Feito Para Bailar,2022-03-17,Comédia
Feminices,2022-02-06,Drama
Flocking,2022-03-23,"Suspense,Drama"
Flores de Aço,2022-02-15,"Comédia dramática,Romance"
Fodonas da Comédia,2021-11-18,Comédia
Fortaleza Hotel,2022-01-27,Drama
Front And Center Presents: Jack Johnson,2021-11-16,Show
Garota Americana,2022-03-03,Drama
Gintama 2: Quebrando As Regras,2022-04-01,"Ação,Aventura,Comédia"
Gracinha,2021-11-26,Musical
Grande Problema,2021-11-22,Comédia 
Guerra de Algodão,2022-03-17,Drama
Guerreiros do Céu e da Terra,2021-12-01,"Ação,Aventura,Drama"
Halftime,2022-06-14,"Documentário,Musical"
Heróis de Guerra,2021-12-16,"Guerra,Drama,Histórico"
Hilda e o Rei da Montanha,2021-12-31,"Animação,Aventura,Família"
Hipnose,2022-04-25,"Suspense,Terror"
Hora do Chá,2022-01-27,Documentário
Instituto do Terror para Garotas Encrenqueiras,2021-12-05,"Terror,Comédia"
"Isso Não É Um Enterro, É Uma Ressurreição",2021-12-23,Drama
Isto Não É Berlim,2021-11-22,Drama
Jagged,2021-11-20,"Documentário,Musical"
Jogos Patrióticos,2021-12-29,"Suspense,Ação"
"John Lennon: His Life, Legacy, Last Days",2022-03-04,Documentário
Johnny 100 Pesos - 20 Anos e Um Dia Depois,2022-03-31,"Policial,Crime,Drama"
Johnny Guitar,2022-03-01,"Faroeste,Drama"
Justiceiro por Elas,2022-04-14,"Ação,Suspense"
Juventude pelo Clima,2022-04-29,Documentário
Kamen Rider Zero One: Real x Time,2021-12-03,Ação
Keep Watching,2022-04-02,"Terror,Suspense"
Kuroko's Basketball: Last Game,2021-11-15,"Animação,Drama,Esporte"
La Muerte Lenta de Lucía B,2021-11-20,"Policial,Suspense"
Lara,2021-12-30,Drama
Larica Total 10 Anos Depois,2022-02-19,Comédia
Let Me Take You Down,2022-04-29,Documentário
Life of Crime 1984-2020,2021-12-01,Documentário
Ligados Pelo Sangue,2022-02-17,"Drama,Suspense,Ação"
Little Mix: LM5 - The Tour Film,2022-01-25,"Show,Documentário"
Little Woods,2022-03-15,"Drama,Policial"
Live From The Artist's Den: Vance Joy,2021-11-30,Show
Looop Lapeta,2022-02-04,"Ação,Suspense,Drama"
Love in the Villa,2022-09-01,"Romance,Drama"
Lucy and Desi,2022-03-04,Documentário
Lucy in the Sky,2021-11-22,"Drama,Ficção científica"
Madrugada em Paris,2022-03-24,Drama
Mãe,2021-11-27,Ação
Máfia dos Milionários,2022-04-21,"Biografia,Drama,Policial"
Mais vivos do que nunca,2022-02-08,"Drama,Histórico,Biografia"
Máquina de Surfe,2021-11-27,"Ação,Aventura"
Marcado Pela Promessa,2021-12-31,Drama
Maré Alta,2021-12-03,"Drama, Suspense"
Marte Um,2022-08-25,Drama
Marvel Rising: Heart Of Iron,2022-01-14,"Aventura,Ação,Animação"
Me contro Te: A Vingança do Senhor S,2022-02-01,"Família,Comédia"
Medo cego,2022-02-16,Drama
Melhor a Três,2022-01-28,"Comédia,Romance"
Meninos de Deus,2022-02-15,"Drama,Comédia "
Mentiroso × Mentirosa,2021-12-04,"Romance,Comédia,Drama"
Meu Chão – Clubes Negros Do Rio Grande Do Sul,2021-11-20,Documentário
Meu Filho Amado,2021-11-21,"Ação,Drama"
Meus Amigos Dinossauros,2022-01-23,Animação
Meus Dias de Vinil,2021-11-22,Comédia dramática
Minha estranha família,2022-01-13,Comédia dramática
Minha Querida Confraria,2022-02-19,Comédia
Misfit # Você É Ou Você Se Torna,2022-04-27,Comédia
Missão Final,2022-02-28,Ação
Mixtape,2021-12-03,"Comédia,Drama,Família"
Morituri,2021-11-22,"Guerra,Suspense"
Mulher: Expectativa X Realidade,2021-11-25,Documentário
My Best Friend's Wedding,2021-12-15,"Romance,Comédia"
Na Linha de Fogo,2021-11-22,"Policial,Drama,Ação"
Napping Princess,2021-12-20,"Animação,Drama,Fantasia"
Natal em 8 Bits,2021-11-24,"Comédia, Família"
Natal em Evergreen: Cartas ao Papai Noel,2022-01-04,Romance
Natal em Evergreen: Casamento à Vista,2021-12-22,Romance
Natal em Pemberley Manor,2022-01-21,Romance
Natal em Springdale,2022-01-21,Romance
Natal Por Escrito,2021-12-13,Romance
Nature Boy,2021-11-22,Documentário
Naver Jiok,2022-05-18,Documentário
Nheengatu - O filme,2021-12-02,Documentário
No Caminho da Cura,2021-11-19,Documentário
No Topo do Mundo,2021-12-15,"Romance,Drama"
Nunca Beije Um Homem Em Um Suéter de Natal,2021-12-22,"Comédia,Drama,Romance"
O Abraço do Panda: A Fera Vermelha,2022-03-13,Documentário
O Álamo,2022-02-01,"Faroeste,Ação,Drama"
O Amadurecer de Andy,2021-12-01,Drama
O Amuleto de Natal,2022-01-25,Romance
O Assassino em Mim,2021-12-27,"Suspense,Drama"
O Cão Que Salvou as Férias de Natal,2021-12-20,"Família,Comédia"
O Comitê da Vida,2022-01-03,"Suspense,Drama"
O corredor do terror,2022-03-12,Suspense
O Destino Bate à sua Porta,2021-11-28,"Drama,Policial,Suspense"
O Escândalo Pushkin,2022-02-11,"Biografia,Drama,Histórico"
O Falcão dos Mares,2021-11-28,"Ação,Aventura,Drama"
O Fantasma vermelho,2022-01-27,"Drama,Guerra,Terror"
O Fantástico Dr. Dolittle,2021-11-22,"Fantasia,Comédia,Família"
O Homem Ideal,2021-12-23,"Romance,Ficção científica,Comédia"
O Imperador,2022-02-07,"Ação,Aventura"
O Maior Tubarão-Touro do Mundo,2022-03-13,Documentário
O Mensageiro da Morte,2022-04-04,Faroeste
O Mestre da Vida,2022-03-06,Drama
O Natal dos Darlingtons,2021-11-26,Romance
O Preço a Pagar,2021-12-29,Suspense
O Professor Aloprado 2 - A Família Klump,2021-11-16,Comédia
O Retorno,2022-01-24,Comédia
O Segredo,2022-04-29,Drama
O Segredo dos Anjos,2022-03-12,Romance
O Tigre e a Neve,2021-12-14,"Comédia,Romance,Drama"
O Último Traje,2021-11-22,Drama
O Vôo da Fúria,2022-04-16,"Ação,Suspense"
Of Miracles and Men,2021-11-22,Documentário
Office Royale,2021-12-05,"Comédia,Ação"
Oh My Dog,2022-04-20,Drama
Olivia Rodrigo: dirigindo até você (SOUR: o filme),2022-03-25,"Documentário,Musical"
Onde Fica o Paraíso,2021-11-26,"Drama,Guerra"
One Piece Z,2022-04-15,"Animação,Ação,Aventura"
"One Piece: Flor de Inverno, Milagre da Cerejeira",2022-02-19,"Animação,Aventura"
One Piece: Saga de Alabasta,2022-02-19,"Animação,Aventura"
Operação França 2,2022-04-29,"Policial,Drama,Suspense"
Orgulho e Paixão,2022-04-29,"Aventura,Histórico"
Os Beatles e a Índia,2022-01-24,Documentário
Os Doze Cães de Natal II - O Grande Resgate,2021-12-31,"Família,Aventura"
Os Dragões,2021-12-14,Aventura
Os Mosconautas no Mundo da Lua,2022-04-05,"Animação,Aventura"
Os Rugrats e os Thornberrys Vão Aprontar,2022-01-28,"Animação,Aventura,Família"
Otto - O Rinoceronte,2021-11-28,Animação
Out Deh,2021-12-02,Documentário
Paixão dos Fortes,2022-02-06,Faroeste
Palácio para cachorros,2022-01-01,Comédia
Papai Poderoso 2: Tudo ou Nada,2022-01-01,"Comédia,Família"
Passagem para o Futuro,2021-12-28,"Ficção científica, Drama"
Passagem Secreta,2022-01-27,Drama
Patrick: Aprendendo a Amar,2021-11-22,Comédia
Península Mitre,2021-12-31,Documentário
Perdidos na Escuridão,2021-11-21,"Drama,Romance"
Perseguição Implacável,2021-11-24,"Drama,Suspense"
Perto do Apocalipse,2021-12-26,"Drama,Comédia"
Pimp - Rainha do Gueto,2021-11-25,Drama
Plantão de Natal,2021-12-24,"Romance,Drama"
Plonger,2021-12-06,Drama
Por Favor Matem Minha Mulher,2021-11-22,Comédia 
Post Mortem,2021-12-10,Drama
Poupelle da Cidade das Chaminés,2021-12-05,"Animação,Fantasia"
Preto e Branco,2022-04-11,"Drama,Musical"
Prova de Amor,2022-03-06,"Drama,Romance"
Qualified,2022-04-22,Documentário
Quatro Confissões,2022-01-23,"Drama,Faroeste"
Quebrando Todas as Regras,2022-01-15,Comédia 
Recreo,2021-11-22,Comédia dramática
Relembrado,2022-03-29,"Drama,Suspense"
Resgate de alto risco,2022-01-27,"Drama,Suspense"
Reze pelas Mulheres Roubadas,2022-02-01,Drama
Ride the Eagle,2022-02-19,Comédia
Rio Violento,2022-02-18,Drama
Rito de Passagem,2022-01-27,Documentário
River's Edge,2022-04-01,Drama
Riverdance: Uma Aventura Dançante,2022-01-14,"Animação,Família,Fantasia"
Salem's Lot,2022-09-08,Terror
Sandman,2021-11-28,Animação
Sangre blanca,2021-11-22,"Suspense,Drama"
Santitos,2021-11-19,"Comédia,Drama"
Santo Homem,2021-11-22,Comédia 
Segredos Ocultos,2022-02-18,"Suspense,Drama"
Sem Ressentimentos,2021-12-16,"Drama,Romance"
Sem Seu Sangue,2022-03-17,"Romance,Drama"
Sem Trégua,2022-01-20,Drama
Shock & Awe,2022-04-08,"Guerra,Drama"
Showtime 1958,2022-05-03,Drama
Simple As Water,2021-11-18,Documentário
Sin Señas Particulares,2022-03-01,Drama
Sob o céu aberto,2021-12-05,Crime
Sob o Céu do Líbano,2021-12-14,Drama
Sogno Azzurro: O Caminho da Vitória,2021-11-24,Documentário
Soldados do Gelo,2022-04-02,"Ação,Ficção científica"
Soledad,2022-02-25,"Romance,Drama,Biografia"
Spaceship Earth,2022-03-21,Documentário
Spin,2022-01-07,"Família,Musical,Comédia"
Street Gang: How We Got to Sesame Street,2021-12-13,Documentário
Stuber,2021-11-22,"Comédia ,Ação"
Te Presento a Laura,2022-03-02,"Família,Comédia,Drama"
Teias da Alma,2022-03-26,Drama
Terremoto,2022-02-01,"Aventura,Drama"
The Apollo,2022-03-25,Documentário
The Band That Wouldn't Die,2022-02-15,"Documentário,Esporte"
The Debt Collector 2,2022-03-17,"Ação,Comédia"
The Envelope,2022-03-29,Drama
The Fable,2021-11-17,"Ação,Comédia"
The Fable: O Assassino Que Não Podia Matar,2021-11-17,"Ação,Comédia"
The Fall of the American Empire,2022-04-29,Drama
The First Wave,2022-02-15,Documentário
The Forever Prisoner,2021-12-15,Documentário
The Mole Song: Undercover Agent Reiji,2021-12-04,"Ação,Comédia"
The Most Magical Story on Earth: 50 Years of Walt Disney World,2021-12-08,Documentário
The Public,2022-01-07,Drama
The Queen of Fear,2021-11-22,Drama
The Racer,2022-02-18,Drama
The Search,2022-02-16,"Drama,Guerra"
Todos Estão Mortos,2021-12-03,"Drama,Fantasia,Comédia "
Toscana,2022-05-18,"Comédia,Romance"
Tudo Menos Natal,2021-12-24,"Comédia,Aventura,Fantasia"
Turma da Mônica: Aventuras no Natal,2021-12-10,Animação
UFO,2022-02-24,"Drama,Romance"
Um Amor Após A Vida,2021-11-21,"Comédia,Romance,Fantasia"
Um Brinde ao Sucesso,2022-05-27,Comédia
Um Buquê de Natal,2021-11-26,"Romance,Drama"
Um Cão Para Dois,2022-01-15,Romance
Um Castelo para o Natal,2021-11-26,"Romance,Comédia,Família"
Um Dia em Nova York,2022-04-29,"Comédia Musical,Comédia ,Romance"
Um Dia Para Sempre!,2021-11-18,"Comédia,Romance"
Um filme de verão!,2021-12-09,"Comédia,Ficção científica,Fantasia"
Um Golpe Quase Perfeito,2021-11-28,"Comédia,Ação"
Um Mundo Secreto,2022-03-06,Drama
Um Natal Cinco Estrelas,2021-11-26,"Comédia,Romance"
Um Natal no Castelo,2021-12-22,Romance
Um Novato na Máfia,2022-04-16,Comédia
Um Olhar de Esperança,2021-12-31,Drama
Um Reencontro Natalino,2021-12-23,Romance
Uma Caixa Especial,2021-11-22,Drama
Uma Cidade de Loucura,2021-12-24,Comédia
Uma Doce Revolução,2022-03-08,"Romance,Drama"
Uma Mulher Fatal,2022-01-07,"Drama,Romance"
Uma Noite de Amor,2021-11-22,"Romance,Comédia dramática"
Una Navidad no tan padre,2021-12-21,Comédia
Unhuman,2022-06-03,"Terror,Suspense,Comédia"
Unidade Wega,2022-01-08,Drama
V.I.P,2022-04-27,"Policial,Suspense"
Velha Roupa Colorida,2022-02-24,Drama
Vem Brincar,2021-12-18,"Drama,Terror"
Vidas Cruzadas,2021-12-23,Drama
Vincent-N-Roxxy,2022-04-05,"Ação,Drama,Suspense"
Virando a Mesa,2022-01-10,"Ação,Comédia"
Viva Zapata!,2021-11-22,"Biografia,Histórico"
Vôo Noturno,2022-05-10,Drama
Wild - Rede selvagem,2021-12-02,Documentário
Women Of Troy,2022-01-14,Documentário
Yalda - Uma Noite de Perdão,2021-12-09,"Drama,Suspense"
Yesterday Wonder I Was,2021-11-29,"Drama,Ficção científica"
Youngstown Boys,2022-02-15,Documentário
